{"cameraMode":{"drawMode":0,"name":"Shaded","section":"Shading Mode"},"sceneLighting":true,"audioPlay":false,"sceneViewState":{"showFog":true,"showMaterialUpdate":false,"showSkybox":true,"showFlares":true,"showImageEffects":true,"showParticleSystems":true},"in2DMode":false,"pivot":{"x":1.1929328441619874,"y":-0.8652260303497315,"z":1.506005048751831},"rotation":{"x":-0.07781168818473816,"y":0.9131723642349243,"z":-0.20785875618457795,"w":-0.34184375405311587},"size":8.734224319458008,"orthographic":false}