{"cameraMode":{"drawMode":0,"name":"Shaded","section":"Shading Mode"},"sceneLighting":true,"audioPlay":false,"sceneViewState":{"showFog":true,"showMaterialUpdate":false,"showSkybox":true,"showFlares":true,"showImageEffects":true,"showParticleSystems":true},"in2DMode":false,"pivot":{"x":-2.350259780883789,"y":-8.102153778076172,"z":9.836494445800782},"rotation":{"x":-0.13093188405036927,"y":0.8687203526496887,"z":-0.3243234157562256,"w":-0.35070955753326418},"size":17.721960067749025,"orthographic":false}